CREATE TABLE hazard_category
(
    id       BIGINT GENERATED ALWAYS AS IDENTITY PRIMARY KEY,
    category varchar not null
);

INSERT INTO hazard_category (category)
VALUES ('CORROSIVE'),
       ('ENVIRONMENTAL_HAZARD'),
       ('EXPLOSIVE'),
       ('FLAMMABLE'),
       ('HARMFUL'),
       ('HEALTH_HAZARD'),
       ('INERT'),
       ('IRRITANT'),
       ('OXIDIZING'),
       ('TOXIC'),
       ('RADIOACTIVE'),
       ('BIOHAZARD'),
       ('GAS_UNDER_PRESSURE'),
       ('ACUTE_TOXICITY'),
       ('CARCINOGENIC'),
       ('TERATOGENIC'),
       ('MUTAGENIC');


CREATE TABLE usage_reason
(
    id     BIGINT GENERATED ALWAYS AS IDENTITY PRIMARY KEY,
    reason VARCHAR not null
);

INSERT INTO usage_reason (reason)
VALUES ('IMPORTED'),
       ('SYNTHESIZED'),
       ('USED_FOR_SYNTHESIS'),
       ('NOT_REGISTERED'),
       ('USED_FOR_ANALYSIS'),
       ('EXPIRED'),
       ('DAMAGED'),
       ('LOST'),
       ('STOLEN'),
       ('USED_FOR_TESTING'),
       ('USED_FOR_TEACHING'),
       ('RETURNED'),
       ('DISPOSED'),
       ('SAMPLE_TAKEN'),
       ('ACCIDENTAL_SPILL'),
       ('QUALITY_CHECK');


create table unit
(
    id   BIGINT GENERATED ALWAYS AS IDENTITY PRIMARY KEY,
    unit VARCHAR NOT NULL
);

INSERT INTO unit (unit)
VALUES ('MOLE'),
       ('GRAM'),
       ('KILOGRAM'),
       ('LITER'),
       ('MILLILITER'),
       ('MICROLITER'),
       ('NANOLITER'),
       ('MILLIMOLE'),
       ('MICROMOLE'),
       ('NANOMOLE'),
       ('MOLAR'),
       ('MILLIGRAM'),
       ('MICROGRAM'),
       ('NANOGRAM'),
       ('PPM'),
       ('PPB'),
       ('PPT'),
       ('MOL_PER_LITER'),
       ('G_PER_LITER'),
       ('KG_PER_LITER');


CREATE TABLE journal
(
    id         BIGINT GENERATED ALWAYS AS IDENTITY PRIMARY KEY,
    title      VARCHAR   NOT NULL,
    text       VARCHAR,
    created_at TIMESTAMP NOT NULL,
    updated_at TIMESTAMP
);



CREATE TABLE reagent
(
    id              BIGINT GENERATED ALWAYS AS IDENTITY PRIMARY KEY,
    title           VARCHAR   NOT NULL,
    latex_formula   VARCHAR   NOT NULL,
    molar_weight    NUMERIC   NOT NULL,
    description     VARCHAR   NOT NULL,
    hazard_category BIGINT    NOT NULL REFERENCES hazard_category,
    created_at      TIMESTAMP NOT NULL,
    updated_at      TIMESTAMP
);


CREATE TABLE reagent_usage
(
    id         BIGINT GENERATED ALWAYS AS IDENTITY PRIMARY KEY,
    reagent_id BIGINT    NOT NULL REFERENCES reagent,
    journal_id BIGINT    NOT NULL REFERENCES journal,
    reason     BIGINT    NOT NULL REFERENCES usage_reason,
    quantity   NUMERIC   NOT NULL,
    unit       BIGINT    NOT NULL REFERENCES unit,
    created_at TIMESTAMP NOT NULL
);

INSERT INTO journal (title, text, created_at, updated_at)
VALUES ('Journal 1', 'Research on compound A', CURRENT_TIMESTAMP, CURRENT_TIMESTAMP),
       ('Journal 2', 'Analysis of B', CURRENT_TIMESTAMP, CURRENT_TIMESTAMP),
       ('Journal 3', 'Synthesis of novel catalyst C', CURRENT_TIMESTAMP, CURRENT_TIMESTAMP),
       ('Journal 4', 'Evaluation of antioxidant D', CURRENT_TIMESTAMP, CURRENT_TIMESTAMP),
       ('Journal 5', 'Study of protein interactions E', CURRENT_TIMESTAMP, CURRENT_TIMESTAMP),
       ('Journal 6', 'Development of new polymer F', CURRENT_TIMESTAMP, CURRENT_TIMESTAMP),
       ('Journal 7', 'Investigation of enzyme G', CURRENT_TIMESTAMP, CURRENT_TIMESTAMP),
       ('Journal 8', 'Characterization of metal complex H', CURRENT_TIMESTAMP, CURRENT_TIMESTAMP),
       ('Journal 9', 'Examination of crystal structure I', CURRENT_TIMESTAMP, CURRENT_TIMESTAMP),
       ('Journal 10', 'Testing of new formulation J', CURRENT_TIMESTAMP, CURRENT_TIMESTAMP),
       ('Journal 11', 'Exploration of organic synthesis K', CURRENT_TIMESTAMP, CURRENT_TIMESTAMP),
       ('Journal 12', 'Quantitative analysis of compound L', CURRENT_TIMESTAMP, CURRENT_TIMESTAMP),
       ('Journal 13', 'Structural study of molecule M', CURRENT_TIMESTAMP, CURRENT_TIMESTAMP),
       ('Journal 14', 'Pharmacological properties of N', CURRENT_TIMESTAMP, CURRENT_TIMESTAMP),
       ('Journal 15', 'Biochemical pathways of O', CURRENT_TIMESTAMP, CURRENT_TIMESTAMP),
       ('Journal 16', 'Thermal stability study of P', CURRENT_TIMESTAMP, CURRENT_TIMESTAMP),
       ('Journal 17', 'Electrochemical behavior of Q', CURRENT_TIMESTAMP, CURRENT_TIMESTAMP),
       ('Journal 18', 'Molecular dynamics of R', CURRENT_TIMESTAMP, CURRENT_TIMESTAMP),
       ('Journal 19', 'Chemical kinetics of S', CURRENT_TIMESTAMP, CURRENT_TIMESTAMP),
       ('Journal 20', 'Toxicological assessment of T', CURRENT_TIMESTAMP, CURRENT_TIMESTAMP),
       ('Journal 21', 'Environmental impact of U', CURRENT_TIMESTAMP, CURRENT_TIMESTAMP),
       ('Journal 22', 'Biological activity of V', CURRENT_TIMESTAMP, CURRENT_TIMESTAMP),
       ('Journal 23', 'Nanoparticle synthesis W', CURRENT_TIMESTAMP, CURRENT_TIMESTAMP),
       ('Journal 24', 'Photocatalytic efficiency of X', CURRENT_TIMESTAMP, CURRENT_TIMESTAMP),
       ('Journal 25', 'Mechanistic insights of Y', CURRENT_TIMESTAMP, CURRENT_TIMESTAMP),
       ('Journal 26', 'Compositional analysis of Z', CURRENT_TIMESTAMP, CURRENT_TIMESTAMP),
       ('Journal 27', 'Thermodynamic properties of AA', CURRENT_TIMESTAMP, CURRENT_TIMESTAMP),
       ('Journal 28', 'Kinetic modeling of BB', CURRENT_TIMESTAMP, CURRENT_TIMESTAMP),
       ('Journal 29', 'Spectroscopic analysis of CC', CURRENT_TIMESTAMP, CURRENT_TIMESTAMP),
       ('Journal 30', 'Material properties of DD', CURRENT_TIMESTAMP, CURRENT_TIMESTAMP),
       ('Journal 31', 'Catalytic efficiency of EE', CURRENT_TIMESTAMP, CURRENT_TIMESTAMP),
       ('Journal 32', 'Biodegradability study of FF', CURRENT_TIMESTAMP, CURRENT_TIMESTAMP),
       ('Journal 33', 'Chromatographic separation of GG', CURRENT_TIMESTAMP, CURRENT_TIMESTAMP),
       ('Journal 34', 'Molecular cloning of HH', CURRENT_TIMESTAMP, CURRENT_TIMESTAMP),
       ('Journal 35', 'Radiochemical techniques in II', CURRENT_TIMESTAMP, CURRENT_TIMESTAMP),
       ('Journal 36', 'Analytical methods for JJ', CURRENT_TIMESTAMP, CURRENT_TIMESTAMP),
       ('Journal 37', 'Synthesis and properties of KK', CURRENT_TIMESTAMP, CURRENT_TIMESTAMP),
       ('Journal 38', 'Biocompatibility of LL', CURRENT_TIMESTAMP, CURRENT_TIMESTAMP),
       ('Journal 39', 'Quantum chemical studies of MM', CURRENT_TIMESTAMP, CURRENT_TIMESTAMP),
       ('Journal 40', 'Nanotechnology in NN', CURRENT_TIMESTAMP, CURRENT_TIMESTAMP),
       ('Journal 41', 'Advanced materials in OO', CURRENT_TIMESTAMP, CURRENT_TIMESTAMP),
       ('Journal 42', 'Molecular engineering of PP', CURRENT_TIMESTAMP, CURRENT_TIMESTAMP),
       ('Journal 43', 'Electrolyte analysis in QQ', CURRENT_TIMESTAMP, CURRENT_TIMESTAMP),
       ('Journal 44', 'Polymer science research RR', CURRENT_TIMESTAMP, CURRENT_TIMESTAMP),
       ('Journal 45', 'Computational modeling SS', CURRENT_TIMESTAMP, CURRENT_TIMESTAMP),
       ('Journal 46', 'Neurochemical studies TT', CURRENT_TIMESTAMP, CURRENT_TIMESTAMP),
       ('Journal 47', 'Final review of project ZZ', CURRENT_TIMESTAMP, CURRENT_TIMESTAMP);

INSERT INTO reagent (title, latex_formula, molar_weight, description, hazard_category, created_at, updated_at)
VALUES
    ('Sodium Chloride', 'NaCl', 58.44, 'Common salt used in various chemical processes.', 'Non-hazardous', NOW(), NOW()),
    ('Hydrochloric Acid', 'HCl', 36.46, 'Strong acid used for pH adjustment and laboratory purposes.', 'Corrosive', NOW(), NOW()),
    ('Sulfuric Acid', 'H_{2}SO_{4}', 98.08, 'Strong acid used in various industrial applications.', 'Corrosive', NOW(), NOW()),
    ('Potassium Permanganate', 'KMnO_{4}', 158.03, 'Oxidizing agent and disinfectant.', 'Oxidizer', NOW(), NOW()),
    ('Ethanol', 'C_{2}H_{5}OH', 46.07, 'Common alcohol used as a solvent and disinfectant.', 'Flammable', NOW(), NOW()),
    ('Acetone', 'C_{3}H_{6}O', 58.08, 'Solvent and laboratory reagent.', 'Flammable', NOW(), NOW()),
    ('Benzene', 'C_{6}H_{6}', 78.11, 'Aromatic solvent and precursor in chemical synthesis.', 'Carcinogenic', NOW(), NOW()),
    ('Glucose', 'C_{6}H_{12}O_{6}', 180.16, 'Simple sugar used in biology and biochemistry.', 'Non-hazardous', NOW(), NOW()),
    ('Ammonium Nitrate', 'NH_{4}NO_{3}', 80.04, 'Common fertilizer and explosive material.', 'Explosive', NOW(), NOW()),
    ('Copper Sulfate', 'CuSO_{4}', 159.61, 'Copper salt used in agriculture and chemistry.', 'Harmful', NOW(), NOW()),
    ('Nitric Acid', 'HNO_{3}', 63.01, 'Strong acid used in various industrial applications.', 'Corrosive', NOW(), NOW()),
    ('Phosphoric Acid', 'H_{3}PO_{4}', 97.99, 'Weak acid used in food and chemical industry.', 'Corrosive', NOW(), NOW()),
    ('Magnesium Sulfate', 'MgSO_{4}', 120.37, 'Magnesium salt used in medicine and agriculture.', 'Non-hazardous', NOW(), NOW()),
    ('Calcium Carbonate', 'CaCO_{3}', 100.09, 'Common mineral used as a dietary supplement and in industry.', 'Non-hazardous', NOW(), NOW()),
    ('Silver Nitrate', 'AgNO_{3}', 169.87, 'Silver salt used in photography and chemistry.', 'Harmful', NOW(), NOW()),
    ('Acetic Acid', 'CH_{3}COOH', 60.05, 'Weak acid used in food, chemistry, and industry.', 'Corrosive', NOW(), NOW()),
    ('Sodium Hydroxide', 'NaOH', 40.00, 'Strong base used in various industrial applications.', 'Corrosive', NOW(), NOW()),
    ('Methanol', 'CH_{3}OH', 32.04, 'Simple alcohol used as a solvent and fuel.', 'Flammable', NOW(), NOW()),
    ('Ammonia', 'NH_{3}', 17.03, 'Gas used in refrigeration and chemical synthesis.', 'Corrosive', NOW(), NOW()),
    ('Chloroform', 'CHCl_{3}', 119.38, 'Organic solvent and anesthetic.', 'Harmful', NOW(), NOW()),
    ('Potassium Chloride', 'KCl', 74.55, 'Potassium salt used in medicine and agriculture.', 'Non-hazardous', NOW(), NOW()),
    ('Sodium Bicarbonate', 'NaHCO_{3}', 84.01, 'Baking soda used in cooking and medicine.', 'Non-hazardous', NOW(), NOW()),
    ('Zinc Sulfate', 'ZnSO_{4}', 161.47, 'Zinc salt used in medicine and agriculture.', 'Harmful', NOW(), NOW()),
    ('Ferric Chloride', 'FeCl_{3}', 162.21, 'Iron salt used in water treatment and etching.', 'Corrosive', NOW(), NOW()),
    ('Barium Chloride', 'BaCl_{2}', 244.26, 'Barium salt used in laboratory and industry.', 'Harmful', NOW(), NOW()),
    ('Lithium Hydroxide', 'LiOH', 23.95, 'Strong base used in batteries and chemical synthesis.', 'Corrosive', NOW(), NOW()),
    ('Stannous Chloride', 'SnCl_{2}', 189.60, 'Tin salt used in metallurgy and chemistry.', 'Harmful', NOW(), NOW()),
    ('Sodium Phosphate', 'Na_{3}PO_{4}', 163.94, 'Phosphate salt used in chemistry and biology.', 'Non-hazardous', NOW(), NOW()),
    ('Potassium Iodide', 'KI', 166.00, 'Iodine salt used in medicine and photography.', 'Non-hazardous', NOW(), NOW()),
    ('Mercuric Chloride', 'HgCl_{2}', 271.52, 'Mercury salt used in laboratory and medicine.', 'Harmful', NOW(), NOW()),
    ('Cadmium Sulfate', 'CdSO_{4}', 208.47, 'Cadmium salt used in electroplating and pigments.', 'Harmful', NOW(), NOW()),
    ('Nickel Chlorate', 'Ni(ClO_{3}){2}', 238.71, 'Nickel salt used in chemistry and metallurgy.', 'Oxidizer', NOW(), NOW()),
    ('Lead Acetate', 'Pb(C{2}H_{3}O_{2}){2}', 325.29, 'Lead salt used in analytical chemistry.', 'Harmful', NOW(), NOW()),
    ('Chromium Oxide', 'Cr{2}O_{3}', 151.99, 'Chromium compound used as a pigment and in ceramics.', 'Harmful', NOW(), NOW()),
    ('Boric Acid', 'H_{3}BO_{3}', 61.83, 'Weak acid used in glassmaking and as an antiseptic.', 'Non-hazardous', NOW(), NOW()),
    ('Sodium Sulfite', 'Na_{2}SO_{3}', 126.04, 'Sodium salt used in photography and food processing.', 'Non-hazardous', NOW(), NOW()),
    ('Potassium Dichromate', 'K_{2}Cr_{2}O_{7}', 294.19, 'Oxidizing agent and chemical reagent.', 'Oxidizer', NOW(), NOW()),
    ('Copper Nitrate', 'Cu(NO_{3}){2}', 187.56, 'Copper salt used in chemistry and metallurgy.', 'Harmful', NOW(), NOW()),
    ('Zinc Nitrate', 'Zn(NO{3}){2}', 189.38, 'Zinc salt used in chemistry and electroplating.', 'Harmful', NOW(), NOW()),
    ('Aluminum Sulfate', 'Al{2}(SO_{4}){3}', 342.15, 'Aluminum salt used in water treatment and papermaking.', 'Harmful', NOW(), NOW()),
    ('Sodium Carbonate', 'Na{2}CO_{3}', 105.99, 'Sodium salt used in cleaning and chemical synthesis.', 'Non-hazardous', NOW(), NOW()),
    ('Magnesium Chloride', 'MgCl_{2}', 95.21, 'Magnesium salt used in chemistry and medicine.', 'Non-hazardous', NOW(), NOW()),
    ('Calcium Sulfate', 'CaSO_{4}', 136.14, 'Calcium salt used in construction and food production.', 'Non-hazardous', NOW(), NOW()),
    ('Iron(III) Sulfate', 'Fe_{2}(SO_{4}){3}', 399.88, 'Iron salt used in water treatment and chemistry.', 'Harmful', NOW(), NOW()),
    ('Tin(II) Chloride', 'SnCl{2}', 189.36, 'Tin salt used in metallurgy and chemical reduction.', 'Harmful', NOW(), NOW()),
    ('Manganese(II) Sulfate', 'MnSO_{4}', 151.00, 'Manganese salt used in agriculture and chemistry.', 'Harmful', NOW(), NOW()),
    ('Cobalt(II) Nitrate', 'Co(NO_{3})_{2}', 182.94, 'Cobalt salt used in chemistry and catalysts.', 'Harmful', NOW(), NOW());

INSERT INTO reagent_usage (reagent_id, journal_id, reason, quantity, unit, created_at)
VALUES (1, 1, 'IMPORTED', 10, 'MOLE', '2023-01-01 12:00:00'),
       (2, 2, 'SYNTHESIZED', 20, 'GRAM', '2023-02-01 14:30:00'),
       (3, 3, 'USED_FOR_SYNTHESIS', 5, 'KILOGRAM', '2023-03-01 10:45:00'),
       (4, 4, 'NOT_REGISTERED', 15, 'LITER', '2023-04-01 08:15:00'),
       (5, 5, 'USED_FOR_ANALYSIS', 8, 'MILLILITER', '2023-05-01 16:20:00'),
       (6, 6, 'EXPIRED', 25, 'MICROLITER', '2023-06-01 11:30:00'),
       (7, 7, 'DAMAGED', 18, 'NANOLITER', '2023-07-01 09:15:00'),
       (8, 8, 'LOST', 12, 'MILLIMOLE', '2023-08-01 13:45:00'),
       (9, 9, 'STOLEN', 30, 'MICROMOLE', '2023-09-01 07:00:00'),
       (10, 10, 'USED_FOR_TESTING', 22, 'NANOMOLE', '2023-10-01 17:00:00'),
       (11, 11, 'USED_FOR_TEACHING', 15, 'MOLAR', '2023-11-01 14:30:00'),
       (12, 12, 'RETURNED', 28, 'MILLIGRAM', '2023-12-01 10:15:00'),
       (13, 13, 'DISPOSED', 20, 'MICROGRAM', '2024-01-01 09:45:00'),
       (14, 14, 'SAMPLE_TAKEN', 10, 'NANOGRAM', '2024-02-01 08:00:00'),
       (15, 15, 'ACCIDENTAL_SPILL', 35, 'PPM', '2024-03-01 16:30:00'),
       (16, 16, 'QUALITY_CHECK', 17, 'PPB', '2024-04-01 11:00:00'),
       (17, 17, 'IMPORTED', 22, 'PPT', '2024-05-01 10:30:00'),
       (18, 18, 'SYNTHESIZED', 14, 'MOL_PER_LITER', '2024-06-01 14:45:00'),
       (19, 19, 'USED_FOR_SYNTHESIS', 25, 'G_PER_LITER', '2024-07-01 09:00:00'),
       (20, 20, 'NOT_REGISTERED', 30, 'KG_PER_LITER', '2024-08-01 16:15:00'),
       (21, 21, 'USED_FOR_ANALYSIS', 18, 'MOLE', '2024-09-01 12:30:00'),
       (22, 22, 'EXPIRED', 20, 'GRAM', '2024-10-01 10:45:00'),
       (23, 23, 'DAMAGED', 15, 'KILOGRAM', '2024-11-01 14:00:00'),
       (24, 24, 'LOST', 25, 'LITER', '2024-12-01 09:15:00'),
       (25, 25, 'STOLEN', 12, 'MILLILITER', '2025-01-01 16:30:00'),
       (26, 26, 'USED_FOR_TESTING', 22, 'MICROLITER', '2025-02-01 11:00:00'),
       (27, 27, 'USED_FOR_TEACHING', 28, 'NANOLITER', '2025-03-01 10:30:00'),
       (28, 28, 'RETURNED', 15, 'MILLIMOLE', '2025-04-01 14:45:00'),
       (29, 29, 'DISPOSED', 20, 'MICROMOLE', '2025-05-01 09:00:00'),
       (30, 30, 'SAMPLE_TAKEN', 10, 'NANOGRAM', '2025-06-01 16:15:00'),
       (31, 31, 'ACCIDENTAL_SPILL', 17, 'PPM', '2025-07-01 11:30:00'),
       (32, 32, 'QUALITY_CHECK', 22, 'PPB', '2025-08-01 10:15:00'),
       (33, 33, 'IMPORTED', 14, 'PPT', '2025-09-01 13:45:00'),
       (34, 34, 'SYNTHESIZED', 25, 'MOL_PER_LITER', '2025-10-01 07:00:00'),
       (35, 35, 'USED_FOR_SYNTHESIS', 30, 'G_PER_LITER', '2025-11-01 17:00:00'),
       (36, 36, 'NOT_REGISTERED', 15, 'MOLAR', '2025-12-01 14:30:00'),
       (37, 37, 'USED_FOR_ANALYSIS', 28, 'MILLIGRAM', '2026-01-01 10:15:00'),
       (38, 38, 'EXPIRED', 20, 'MICROGRAM', '2026-02-01 09:45:00'),
       (39, 39, 'DAMAGED', 25, 'NANOGRAM', '2026-03-01 08:00:00'),
       (40, 40, 'LOST', 12, 'PPM', '2026-04-01 16:30:00'),
       (41, 41, 'STOLEN', 17, 'PPB', '2026-05-01 11:00:00'),
       (42, 42, 'USED_FOR_TESTING', 22, 'PPT', '2026-06-01 10:30:00'),
       (43, 43, 'USED_FOR_TEACHING', 14, 'MOL_PER_LITER', '2026-07-01 14:45:00'),
       (44, 44, 'RETURNED', 25, 'G_PER_LITER', '2026-08-01 09:00:00'),
       (45, 45, 'DISPOSED', 30, 'KG_PER_LITER', '2026-09-01 17:00:00'),
       (46, 46, 'USED_FOR_ANALYSIS', 18, 'MOLE', '2026-10-01 12:30:00'),
       (47, 47, 'EXPIRED', 20, 'GRAM', '2026-11-01 10:45:00'),
       (47, 47, 'EXPIRED', 20, 'GRAM', '2026-11-01 10:45:00'),
       (48, 48, 'QUALITY_CHECK', 15, 'MILLIGRAM', '2026-12-01 11:30:00'),
       (49, 49, 'IMPORTED', 25, 'MICROGRAM', '2027-01-01 10:15:00'),
       (50, 50, 'USED_FOR_ANALYSIS', 30, 'NANOGRAM', '2027-02-01 09:45:00'),
       (51, 51, 'ACCIDENTAL_SPILL', 17, 'PPM', '2027-03-01 08:00:00'),
       (52, 52, 'USED_FOR_TEACHING', 22, 'PPB', '2027-04-01 16:30:00'),
       (53, 53, 'RETURNED', 28, 'PPT', '2027-05-01 11:00:00'),
       (54, 54, 'DISPOSED', 15, 'MOLAR', '2027-06-01 10:30:00'),
       (55, 55, 'SAMPLE_TAKEN', 20, 'MILLIGRAM', '2027-07-01 13:45:00'),
       (56, 56, 'ACCIDENTAL_SPILL', 25, 'MICROGRAM', '2027-08-01 09:00:00'),
       (57, 57, 'USED_FOR_TESTING', 30, 'NANOGRAM', '2027-09-01 17:00:00'),
       (58, 58, 'USED_FOR_TEACHING', 18, 'MOLE', '2027-10-01 12:30:00'),
       (59, 59, 'RETURNED', 20, 'GRAM', '2027-11-01 10:45:00'),
       (60, 60, 'DISPOSED', 15, 'KILOGRAM', '2027-12-01 09:15:00'),
       (61, 61, 'LOST', 25, 'LITER', '2028-01-01 16:30:00'),
       (62, 62, 'STOLEN', 12, 'MILLILITER', '2028-02-01 11:00:00'),
       (63, 63, 'USED_FOR_TESTING', 17, 'MICROLITER', '2028-03-01 10:30:00'),
       (64, 64, 'USED_FOR_TEACHING', 22, 'NANOLITER', '2028-04-01 14:45:00'),
       (65, 65, 'RETURNED', 14, 'MILLIMOLE', '2028-05-01 09:00:00'),
       (66, 66, 'DISPOSED', 25, 'MICROMOLE', '2028-06-01 17:00:00'),
       (67, 67, 'SAMPLE_TAKEN', 30, 'NANOMOLE', '2028-07-01 12:30:00'),
       (67, 67, 'SAMPLE_TAKEN', 30, 'NANOMOLE', '2028-07-01 12:30:00'),
       (68, 68, 'ACCIDENTAL_SPILL', 22, 'PPM', '2028-08-01 11:00:00'),
       (69, 69, 'USED_FOR_TESTING', 18, 'PPB', '2028-09-01 10:30:00'),
       (70, 70, 'USED_FOR_TEACHING', 25, 'PPT', '2028-10-01 14:45:00'),
       (71, 71, 'RETURNED', 30, 'MOLAR', '2028-11-01 09:00:00'),
       (72, 72, 'DISPOSED', 15, 'MILLIGRAM', '2028-12-01 16:30:00'),
       (73, 73, 'LOST', 20, 'MICROGRAM', '2029-01-01 11:00:00'),
       (74, 74, 'STOLEN', 25, 'NANOGRAM', '2029-02-01 10:30:00'),
       (75, 75, 'USED_FOR_TESTING', 28, 'MOLAR', '2029-03-01 13:45:00'),
       (76, 76, 'USED_FOR_TEACHING', 22, 'MILLIGRAM', '2029-04-01 09:00:00'),
       (77, 77, 'RETURNED', 20, 'MICROGRAM', '2029-05-01 17:00:00'),
       (78, 78, 'DISPOSED', 15, 'NANOGRAM', '2029-06-01 12:30:00'),
       (79, 79, 'SAMPLE_TAKEN', 25, 'MOLAR', '2029-07-01 10:45:00'),
       (80, 80, 'ACCIDENTAL_SPILL', 30, 'MILLIGRAM', '2029-08-01 09:15:00'),
       (81, 81, 'QUALITY_CHECK', 18, 'MICROGRAM', '2029-09-01 16:30:00'),
       (82, 82, 'IMPORTED', 22, 'NANOGRAM', '2029-10-01 11:00:00'),
       (83, 83, 'SYNTHESIZED', 14, 'PPM', '2029-11-01 10:30:00'),
       (84, 84, 'USED_FOR_SYNTHESIS', 25, 'PPB', '2029-12-01 14:45:00'),
       (85, 85, 'NOT_REGISTERED', 30, 'PPT', '2030-01-01 09:00:00'),
       (86, 86, 'USED_FOR_ANALYSIS', 18, 'MOL_PER_LITER', '2030-02-01 17:00:00'),
       (87, 87, 'EXPIRED', 20, 'G_PER_LITER', '2030-03-01 12:30:00'),
       (87, 87, 'EXPIRED', 20, 'G_PER_LITER', '2030-03-01 12:30:00'),
       (88, 88, 'ACCIDENTAL_SPILL', 22, 'PPM', '2030-04-01 11:00:00'),
       (89, 89, 'USED_FOR_TESTING', 18, 'PPB', '2030-05-01 10:30:00'),
       (90, 90, 'USED_FOR_TEACHING', 25, 'PPT', '2030-06-01 14:45:00'),
       (91, 91, 'RETURNED', 30, 'MOLAR', '2030-07-01 09:00:00'),
       (92, 92, 'DISPOSED', 15, 'MILLIGRAM', '2030-08-01 16:30:00'),
       (93, 93, 'LOST', 20, 'MICROGRAM', '2030-09-01 11:00:00'),
       (94, 94, 'STOLEN', 25, 'NANOGRAM', '2030-10-01 10:30:00'),
       (95, 95, 'USED_FOR_TESTING', 28, 'MOLAR', '2030-11-01 13:45:00'),
       (96, 96, 'USED_FOR_TEACHING', 22, 'MILLIGRAM', '2030-12-01 09:00:00'),
       (97, 97, 'RETURNED', 20, 'MICROGRAM', '2031-01-01 17:00:00'),
       (98, 98, 'DISPOSED', 15, 'NANOGRAM', '2031-02-01 12:30:00'),
       (99, 99, 'SAMPLE_TAKEN', 25, 'MOLAR', '2031-03-01 10:45:00'),
       (100, 100, 'ACCIDENTAL_SPILL', 30, 'MILLIGRAM', '2031-04-01 09:15:00');
